Rk,Player,ID,Tm,1718,1819,1920,2021,2122,2223,Signed Using,Guaranteed,Year,Cap,Conversion1718
1,Stephen Curry,curryst01,GSW,34682550,37457154,40231758,43006362,45780966,,Bird Rights,201158790,2017,9909,35351070
2,LeBron James,jamesle01,CLE,33285709,35607968,,,,,Early Bird,33285709,2016,9414,33065967
3,Paul Millsap,millspa01,DEN,31269231,29730769,30500000,,,,Cap space,61000000,2017,9909,31871958
4,Gordon Hayward,haywago01,BOS,29727900,31214295,32700690,34187085,,,Cap space,93642885,2017,9909,30300917
5,Blake Griffin,griffbl01,DET,29512900,31873932,34234964,36595996,38957028,,Bird Rights,132217792,2017,9909,30081773
6,Kyle Lowry,lowryky01,TOR,28703704,31000000,33296296,,,,Bird Rights,93000000,2017,9909,29256979
7,Russell Westbrook,westbru01,OKC,28530608,35350000,38178000,41006000,43848000,,Bird Rights,186912608,2017,9909,29080547
8,Mike Conley,conlemi01,MEM,28530608,30521115,32511623,34504132,,,Cap Space,113989729,2016,9414,28342258
9,James Harden,hardeja01,HOU,28299399,30431854,37800000,40824000,43848000,,Bird Rights,181203253,2017,9909,28844881
10,DeMar DeRozan,derozde01,TOR,27739975,27739975,27739975,27739975,,,Cap Space,83219925,2016,9414,27556844
11,Al Horford,horfoal01,BOS,27734405,28928710,30123015,,,,Cap Space,56663115,2016,9414,27551311
12,Carmelo Anthony,anthoca01,OKC,26243760,27928140,,,,,Bird Rights,26243760,2014,6306,33367386
13,Damian Lillard,lillada01,POR,26153057,27977689,29802321,31626953,,,1st Round Pick,115560020,2015,7000,32351787
14,Jrue Holiday,holidjr01,NOP,25686667,26131111,26131111,26131111,27020000,,Bird Rights,104080000,2017,9909,26181787
16,Kevin Durant,duranke01,GSW,25000000,26250000,,,,,Non-Bird Rights,25000000,2017,9909,25481885
17,Otto Porter,porteot01,WAS,24773250,26011913,27250576,28489239,,,Bird Rights,78035739,2017,9909,25250764
18,Chris Paul,paulch01,HOU,24599495,,,,,,Bird Rights,24599495,2013,5867,31126941
19,C.J. McCollum,mccolcj01,POR,23962573,25759766,27556959,29354152,,,1st Round Pick,106633450,2016,9414,23804379
20,Bradley Beal,bealbr01,WAS,23775506,25434263,27093019,28751775,,,Cap Space,105054563,2016,9414,23618547
21,Anthony Davis,davisan02,NOP,23775506,25434263,27093019,28751775,,,1st Round Pick,76302788,2015,7000,29410715
22,Andre Drummond,drumman01,DET,23775506,25434263,27093019,28751775,,,Cap Space,76302788,2016,9414,23618547
23,Hassan Whiteside,whiteha01,MIA,23775506,25434263,27093018,,,,Cap Space,49209769,2016,9414,23618547
24,Dwight Howard,howardw01,CHO,23500000,23819725,,,,,Cap Space,47319725,2016,9414,23344860
25,Chandler Parsons,parsoch01,MEM,23112004,24107258,25102511,,,,Cap Space,72321773,2016,9414,22959426
26,Harrison Barnes,barneha02,DAL,23112004,24107258,25102512,,,,Cap Space,47219262,2016,9414,22959426
27,J.J. Redick,redicjj01,PHI,23000000,,,,,,Cap space,23000000,2017,9909,23443334
28,Marc Gasol,gasolma01,MEM,22642350,24119025,25595700,,,,Bird Rights,46761375,2015,7000,28008981
29,Kevin Love,loveke01,CLE,22642350,24119025,25595700,,,,Bird Rights,46761375,2015,7000,28008981
30,Brook Lopez,lopezbr01,LAL,22642350,,,,,,Bird Rights,22642350,2015,7000,28008981
31,DeAndre Jordan,jordade01,LAC,22642350,24119025,,,,,Bird Rights,22642350,2015,7000,28008981
32,Steven Adams,adamsst01,OKC,22471910,24157303,25842697,27528090,,,1st Round Pick,100000000,2016,9414,22323557
33,Giannis Antetokounmpo,antetgi01,MIL,22471910,24157303,25842697,27528090,,,1st Round Pick,100000000,2016,9414,22323557
34,Nicolas Batum,batumni01,CHO,22434783,24000000,25565217,27130434,,,Cap Space,72000000,2016,9414,22286675
35,Rudy Gobert,goberru01,UTA,21974719,23491573,25008427,26525281,,,1st Round Pick,97000000,2016,9414,21829649
36,LaMarcus Aldridge,aldrila01,SAS,21461010,22347015,26000000,24000000,,,Cap Space,76808025,2017,9909,21874679
37,Victor Oladipo,oladivi01,IND,21000000,21000000,21000000,21000000,,,1st Round Pick,84000000,2016,9414,20861364
38,Enes Kanter,kanteen01,NYK,20566802,18622514,,,,,Bird Rights,20566802,2015,7000,25441492
39,Danilo Gallinari,gallida01,LAC,20559599,21587579,22615559,,,,Sign and Trade,64762737,2017,9909,20955893
40,Serge Ibaka,ibakase01,TOR,20061729,21666667,23271604,,,,Cap space,65000000,2017,9909,20448426
41,George Hill,hillge01,CLE,20000000,19000000,18000000,,,,Cap space,40000000,2017,9909,20385508
42,Ryan Anderson,anderry01,HOU,19578455,20421546,21264635,,,,Cap Space,61264636,2016,9414,19449204
43,Paul George,georgpa01,OKC,19508958,20703384,,,,,1st Round Pick,19508958,2013,5867,24685636
44,Allen Crabbe,crabbal01,BRK,19332500,18500000,18500000,,,,Cap Space,37832500,2016,9414,19204873
45,Jimmy Butler,butleji01,MIN,19301070,20445779,19841627,,,,Bird Rights,39746849,2015,7000,23875760
46,Jeff Teague,teaguje01,MIN,19000000,19000000,19000000,,,,Cap space,38000000,2017,9909,19366232
47,Kawhi Leonard,leonaka01,SAS,18868625,20099189,21329752,,,,Bird Rights,38967814,2015,7000,23340818
48,Kyrie Irving,irvinky01,BOS,18868625,20099188,21329750,,,,Bird Rights,38967813,2014,6306,23990339
49,John Wall,walljo01,WAS,18063850,19169800,37800000,40824000,43848000,,Bird Rights,159705650,2017,9909,18412038
50,DeMarcus Cousins,couside01,NOP,18063850,,,,,,1st Round Pick,18063850,2013,5867,22857071
51,Greg Monroe,monrogr01,PHO,17884176,,,,,,,17884176,2014,6306,22738670
52,Wesley Matthews,matthwe02,DAL,17884176,18622514,,,,,Cap Space,17884176,2015,7000,22123037
53,Klay Thompson,thompkl01,GSW,17826150,18988725,,,,,1st Round Pick,36814875,2014,6306,22664894
54,Joakim Noah,noahjo01,NYK,17765000,18530000,19295000,,,,Cap Space,55590000,2016,9414,17647721
55,Kentavious Caldwell-Pope,caldwke01,LAL,17745894,,,,,,Cap space,17745894,2017,9909,18087953
56,Luol Deng,denglu01,LAL,17190000,18000000,18810000,,,,Cap Space,54000000,2016,9414,17076517
57,Evan Turner,turneev01,POR,17131148,17868852,18606557,,,,Cap Space,53606557,2016,9414,17018053
58,Goran Dragic,dragigo01,MIA,17000450,18109175,19217900,,,,Bird Rights,35109625,2015,7000,21029853
59,Evan Fournier,fournev01,ORL,17000000,17000000,17000000,17000000,,,Cap Space,51000000,2016,9414,16887771
60,Bismack Biyombo,biyombi01,ORL,17000000,17000000,17000000,,,,Cap Space,34000000,2016,9414,16887771
61,Kent Bazemore,bazemke01,ATL,16910113,18089887,19269662,,,,Cap Space,35000000,2016,9414,16798477
62,Robert Covington,covinro01,PHI,16698103,10464092,11301219,12138345,12975471,,Cap Space,63577230,2017,9909,17019965
63,Ian Mahinmi,mahinia01,WAS,16661641,15944154,15450051,,,,Cap Space,48055846,2016,9414,16551646
64,Tim Hardaway,hardati02,NYK,16500000,17325000,18150000,18975000,,,Cap space,51975000,2017,9909,16818044
65,Draymond Green,greendr01,GSW,16400000,17469565,18539130,,,,Bird Rights,52408695,2015,7000,20287086
66,Tristan Thompson,thomptr01,CLE,16400000,17469565,18539130,,,,Bird Rights,52408695,2015,7000,20287086
67,Reggie Jackson,jacksre01,DET,16000000,17043478,18086956,,,,Bird Rights,51130434,2015,7000,19792279
68,Pau Gasol,gasolpa01,SAS,16000000,16000000,16000000,,,,,38700000,2017,9909,16308406
69,Tobias Harris,harrito02,LAC,16000000,14800000,,,,,Bird Rights,30800000,2015,7000,19792279
70,Dwyane Wade,wadedw01,CHI,15550000,,,,,,,15550000,2017,9909,15849732
71,Dennis Schroder,schrode01,ATL,15500000,15500000,15500000,15500000,,,1st Round Pick,62000000,2016,9414,15397674
72,Jonas Valanciunas,valanjo01,TOR,15460675,16539326,17617977,,,,1st Round Pick,32000001,2015,7000,19125124
73,Tony Parker,parketo01,SAS,15453126,,,,,,Bird Rights,15453126,2014,6306,19647734
74,Timofey Mozgov,mozgoti01,BRK,15280000,16000000,16720000,,,,Cap Space,48000000,2016,9414,15179126
75,Andre Iguodala,iguodan01,GSW,14814815,16000000,17185185,,,,Bird Rights,48000000,2017,9909,15100376
76,DeMarre Carroll,carrode01,BRK,14800000,15400000,,,,,Cap Space,30200000,2015,7000,18307858
77,Thaddeus Young,youngth01,IND,14796348,13764045,,,,,Bird Rights,14796348,2015,7000,18303340
78,Eric Bledsoe,bledser01,MIL,14500000,15000000,,,,,Bird Rights,29500000,2014,6306,18435891
79,Ricky Rubio,rubiori01,UTA,14275000,14975000,,,,,1st Round Pick,29250000,2014,6306,18149817
80,Joe Ingles,inglejo01,UTA,14136364,13045455,11954546,10863637,,,Bird Rights,50000002,2017,9909,14408848
81,Gorgui Dieng,dienggo01,MIN,14112360,15170787,16229213,17287640,,,1st Round Pick,62800000,2016,9414,14019194
82,Khris Middleton,middlkh01,MIL,14100000,13000000,13000000,,,,Bird Rights,27100000,2015,7000,17441945
83,Mason Plumlee,plumlma01,DEN,14041096,12917808,14041096,,,,Cap space,41000000,2017,9909,14311743
84,Taj Gibson,gibsota01,MIN,14000000,14000000,,,,,Cap space,28000000,2017,9909,14269855
85,James Johnson,johnsja01,MIA,13954000,14651700,15349400,,,,Cap space,43955100,2017,9909,14222969
86,Robin Lopez,lopezro01,CHI,13788500,14357750,,,,,Cap Space,28146250,2015,7000,17056614
87,J.R. Smith,smithjr01,CLE,13760000,14720000,15680000,,,,Bird Rights,32350000,2016,9414,13669160
88,Brandon Knight,knighbr03,PHO,13618750,14631250,15643750,,,,,43893750,2015,7000,16846631
89,Marvin Williams,willima02,CHO,13168750,14087500,15006250,,,,Cap Space,27256250,2016,9414,13081814
91,Michael Kidd-Gilchrist,kiddgmi01,CHO,13000000,13000000,13000000,,,,1st Round Pick,26000000,2015,7000,16081226
92,Eric Gordon,gordoer01,HOU,12943020,13500375,14057730,,,,Cap Space,40501125,2016,9414,12857574
93,Kenneth Faried,farieke01,DEN,12921348,13764045,,,,,1st Round Pick,26685393,2014,6306,16428728
94,Marcin Gortat,gortama01,WAS,12782609,13565218,,,,,Bird Rights,26347827,2014,6306,16252330
95,Cody Zeller,zelleco01,CHO,12584270,13528090,14471910,15415730,,,1st Round Pick,56000000,2016,9414,12501192
96,Miles Plumlee,plumlmi01,ATL,12500000,12500000,12500000,,,,Bird Rights,37500000,2016,9414,12417479
97,Nikola Mirotic,mirotni01,NOP,12500000,12500000,,,,,Cap space,25000000,2017,9909,12740942
98,Zach Randolph,randoza01,SAC,12307692,11692308,,,,,Cap space,24000000,2017,9909,12544927
99,Nikola Vucevic,vucevni01,ORL,12250000,12750000,,,,,Bird Rights,25000000,2014,6306,15575149
100,Solomon Hill,hillso01,NOP,12236535,12752928,13258781,,,,Cap Space,38248244,2016,9414,12155753
101,Wilson Chandler,chandwi01,DEN,12016854,12800562,,,,,,12016854,2015,7000,14865057
102,Jeremy Lin,linje01,BRK,12000000,12516746,,,,,Cap Space,24516746,2016,9414,11920779
103,Kemba Walker,walkeke02,CHO,12000000,12000000,,,,,1st Round Pick,24000000,2014,6306,15257289
104,Derrick Favors,favorde01,UTA,12000000,,,,,,1st Round Pick,12000000,2013,5867,15184185
105,Austin Rivers,riverau01,LAC,11825000,12650000,,,,,Cap Space,11825000,2016,9414,11746935
106,Courtney Lee,leeco01,NYK,11747890,12253780,12759670,,,,Cap Space,36761340,2016,9414,11670334
107,Nikola Pekovic,pekovni01,MIN,11600000,,,,,,,11600000,2013,5867,14678046
108,Jordan Clarkson,clarkjo01,CLE,11562500,12500000,13437500,,,,Cap Space,37500000,2016,9414,11486168
109,John Henson,hensojo01,MIL,11422536,10577466,9732396,,,,1st Round Pick,31732398,2015,7000,14129876
110,Dion Waiters,waitedi01,MIA,11000000,11550000,12100000,12650000,,,Cap space,47300000,2017,9909,11212029
111,Amir Johnson,johnsam01,PHI,11000000,,,,,,Cap space,11000000,2017,9909,11212029
112,Jamal Crawford,crawfja01,ATL,10942762,2304226,,,,,,13246988,2017,9909,11153688
113,Alec Burks,burksal01,UTA,10845506,11536515,,,,,1st Round Pick,22382021,2014,6306,13789418
114,Patty Mills,millspa02,SAS,10714286,11571429,12428571,13285714,,,Bird Rights,48000000,2017,9909,10920808
115,Kelly Olynyk,olynyke01,MIA,10607169,11137527,11667885,12198243,,,Cap space,33412581,2017,9909,10811626
116,Omer Asik,asikom01,CHI,10595505,11286516,11977527,,,,Bird Rights,24882021,2015,7000,13106824
117,Terrence Ross,rosste01,ORL,10500000,10500000,,,,,Rookie scale extension,21000000,2015,7000,12988683
118,Mirza Teletovic,teletmi01,MIL,10500000,10500000,,,,,,21000000,2016,9414,10430682
119,Bojan Bogdanovic,bogdabo02,IND,10500000,10500000,,,,,Cap space,12000000,2017,9909,10702391
120,Jon Leuer,leuerjo01,DET,10497319,10002681,9508043,,,,Cap Space,30008043,2016,9414,10428019
121,Iman Shumpert,shumpim01,SAC,10337079,11011234,,,,,Bird Rights,10337079,2015,7000,12787147
122,Maurice Harkless,harklma01,POR,10162922,10837079,11511234,,,,Cap Space,32511235,2016,9414,10095829
123,Jared Dudley,dudleja01,PHO,10000000,9530000,,,,,Cap Space,19530000,2016,9414,9933983
124,Darren Collison,collida01,IND,10000000,10000000,,,,,Cap space,12000000,2017,9909,10192754
125,Danny Green,greenda02,SAS,10000000,10000000,,,,,Bird Rights,10000000,2015,7000,12370174
126,Meyers Leonard,leoname01,POR,9904495,10595506,11286515,,,,Cap Space,31786516,2016,9414,9839108
127,Tony Snell,snellto01,MIL,9821429,10607143,11392857,12178571,,,Cap space,31821429,2017,9909,10010741
128,Al Jefferson,jeffeal01,IND,9769821,10000000,,,,,Cap Space,13769821,2016,9414,9705323
129,Matthew Dellavedova,dellama01,MIL,9607500,9607500,9607500,,,,Cap Space,28822500,2016,9414,9544074
130,Joe Johnson,johnsjo02,SAC,9505000,,,,,,,9505000,2016,9414,9442251
131,Bogdan Bogdanovic,bogdabo01,SAC,9470614,9000000,8529386,,,,Cap space,27000000,2017,9909,9653163
132,Andre Roberson,roberan03,OKC,9259259,10000000,10740741,,,,Bird Rights,30000000,2017,9909,9437734
133,Trevor Booker,booketr01,PHI,9125000,,,,,,,9125000,2016,9414,9064759
134,Dwight Powell,poweldw01,DAL,9003125,9631250,10259375,,,,Cap Space,18634375,2016,9414,8943689
135,Jerryd Bayless,bayleje01,PHI,9000000,8575916,,,,,Cap Space,17575916,2016,9414,8940584
136,Avery Bradley,bradlav01,LAC,8808989,,,,,,Bird Rights,8808989,2014,6306,11200107
137,JaMychal Green,greenja01,MEM,8533333,7866667,,,,,Bird Rights,16400000,2017,9909,8697816
138,E'Twaun Moore,mooreet01,NOP,8445024,8808685,8664928,,,,Cap Space,25918637,2016,9414,8389272
139,Rudy Gay,gayru01,SAS,8406000,8826300,,,,,MLE,8406000,2017,9909,8568029
140,Kosta Koufos,koufoko01,SAC,8393000,8739500,,,,,Cap Space,8393000,2015,7000,10382287
141,Markieff Morris,morrima02,WAS,8000000,8600000,,,,,Bird Rights,16600000,2014,6306,10171526
142,Garrett Temple,templga01,SAC,8000000,8000000,,,,,Cap Space,8000000,2014,6306,10171526
143,Vince Carter,cartevi01,SAC,8000000,,,,,,Cap space,8000000,2017,9909,8154203
144,C.J. Miles,milescj01,TOR,7936509,8333333,8730158,,,,MLE,16269842,2017,9909,8089488
145,Cristiano Felicio,feliccr01,CHI,7843500,8470980,8156500,7529020,,,Cap space,32000000,2017,9909,7994686
146,Shaun Livingston,livinsh01,GSW,7692308,8307692,7692308,,,,Bird Rights,18000000,2017,9909,7840580
147,Cory Joseph,josepco01,IND,7630000,7945000,,,,,Cap Space,7630000,2015,7000,9438443
148,P.J. Tucker,tuckepj01,HOU,7590035,7969537,8349039,7969537,,,MLE,26477799,2017,9909,7736336
149,Corey Brewer,breweco01,LAL,7579366,,,,,,,7579366,2015,7000,9375807
150,Andrew Wiggins,wiggian01,MIN,7574322,25250000,27270000,29290000,31310000,,1st Round Pick,154024322,2017,9909,7720320
151,Darrell Arthur,arthuda01,DEN,7464912,7464912,,,,,Cap Space,7464912,2016,9414,7415631
152,Channing Frye,fryech01,LAL,7420912,,,,,,Cap Space,7420912,2014,6306,9435250
153,Trevor Ariza,arizatr01,HOU,7420912,,,,,,Bird Rights,7420912,2014,6306,9435250
154,Al-Farouq Aminu,aminual01,POR,7319035,6957105,,,,,Cap Space,14276140,2015,7000,9053773
155,Cole Aldrich,aldrico01,MIN,7300000,6956021,,,,,Cap Space,9356021,2016,9414,7251807
156,D.J. Augustin,augusdj01,ORL,7250000,7250000,7250000,,,,Cap Space,21750000,2016,9414,7202137
157,Markelle Fultz,fultzma01,PHI,7026240,8339880,9745200,12288697,,,1st Round Pick,15366120,2017,9909,7161673
158,Lou Williams,willilo02,LAC,7000000,8000000,8000000,1500000,,,Cap Space,23000000,2015,7000,8659122
159,Kyle Korver,korveky01,CLE,7000000,7560000,7500000,,,,Bird Rights,18000000,2017,9909,7134927
160,Jeremy Lamb,lambje01,CHO,7000000,7488372,,,,,Rookie scale extension,14488372,2015,7000,8659122
161,Boban Marjanovic,marjabo01,LAC,7000000,7000000,,,,,Cap Space,14000000,2016,9414,6953788
162,Jae Crowder,crowdja01,UTA,6796117,7305825,7815533,,,,Bird Rights,21917475,2015,7000,8406915
163,Jabari Parker,parkeja01,MIL,6782392,,,,,,1st Round Pick,6782392,2014,6306,8623409
164,Langston Galloway,gallola01,DET,6666667,7000000,7333333,,,,MLE,21000000,2017,9909,6795169
165,Lance Thomas,thomala01,NYK,6655325,7119650,7583975,,,,Cap Space,13774975,2016,9414,6611388
166,Ed Davis,davised01,POR,6352531,,,,,,Cap Space,6352531,2015,7000,7858191
167,Marco Belinelli,belinma01,ATL,6306060,,,,,,,6306060,2015,7000,7800706
168,Jonathon Simmons,simmojo02,ORL,6300000,6000000,5700000,,,,Cap space,13300000,2017,9909,6421435
169,Lonzo Ball,balllo01,LAL,6286560,7461960,8719320,11003782,,,1st Round Pick,13748520,2017,9909,6407735
170,Wayne Ellington,ellinwa01,MIA,6270000,,,,,,Cap Space,6270000,2016,9414,6228607
171,Isaiah Thomas,thomais02,LAL,6261395,,,,,,,6261395,2014,6306,7960993
172,Karl-Anthony Towns,townska01,MIN,6216840,7839435,,,,,1st round pick,6216840,2016,9414,6175798
173,Ben Simmons,simmobe01,PHI,6168840,6434520,8113930,,,,1st Round pick,12603360,2016,9414,6128115
174,Joel Embiid,embiijo01,PHI,6100266,25250000,27270000,29290000,31310000,,1st Round Pick,6100266,2017,9909,6217851
175,Spencer Hawes,hawessp01,MIL,6021175,,,,,,,6021175,2014,6306,7655567
176,Josh McRoberts,mcrobjo01,DAL,6021175,,,,,,,6021175,2014,6306,7655567
177,Ish Smith,smithis01,DET,6000000,6000000,,,,,Cap Space,12000000,2015,7000,7422104
178,Alan Williams,willial03,PHO,6000000,5520000,5520000,,,,Cap space,6000000,2017,9909,6115652
179,Shelvin Mack,macksh01,ORL,6000000,6000000,,,,,Cap space,6000000,2017,9909,6115652
180,Milos Teodosic,teodomi01,LAC,6000000,6300000,,,,,MLE,6000000,2017,9909,6115652
181,Ersan Ilyasova,ilyaser01,ATL,6000000,,,,,,,6000000,2017,9909,6115652
182,Dewayne Dedmon,dedmode01,ATL,6000000,6300000,,,,,Cap space,6000000,2017,9909,6115652
183,Tyler Johnson,johnsty01,MIA,5881260,19245370,19245370,,,,Cap Space,25126630,2016,9414,5842433
184,Wesley Johnson,johnswe01,LAC,5881260,6134000,,,,,Cap Space,5881260,2016,9414,5842433
185,Alex Abrines,abrinal01,OKC,5725000,5455236,,,,,Cap Space,11180236,2016,9414,5687205
186,Jayson Tatum,tatumja01,BOS,5645400,6700800,7830000,9897120,,,1st Round Pick,12346200,2017,9909,5754217
187,D'Angelo Russell,russeda01,BRK,5562360,7019698,,,,,1st round pick,12582058,2015,7000,6880736
188,Brandon Ingram,ingrabr01,LAL,5519400,5757120,7265485,,,,1st Round pick,11276520,2016,9414,5482962
189,Patrick Beverley,beverpa01,LAC,5513514,5027028,,,,,Bird Rights,5513514,2015,7000,6820312
190,Aaron Gordon,gordoaa01,ORL,5504420,,,,,,1st Round Pick,5504420,2014,6306,6998544
191,Deron Williams,willide01,BRK,5500000,5500000,5500000,,,,,16500000,2017,9909,5606014
192,Josh Smith,smithjo03,DET,5400000,5400000,5400000,,,,,16200000,2017,9909,5504087
193,Thabo Sefolosha,sefolth01,UTA,5250000,5250000,,,,,Cap space,5250000,2017,9909,5351195
194,Jason Smith,smithja02,WAS,5225000,5450000,,,,,Cap Space,5225000,2016,9414,5190506
195,Ben McLemore,mclembe01,MEM,5200000,5460000,,,,,MLE,10660000,2017,9909,5300232
196,Patrick Patterson,pattepa01,OKC,5192000,5451600,5711200,,,,MLE,10643600,2017,9909,5292077
197,Nick Young,youngni01,GSW,5192000,,,,,,MLE,5192000,2017,9909,5292077
198,Brandan Wright,wrighbr03,MEM,5179760,,,,,,,5179760,2015,7000,6407453
199,Josh Jackson,jacksjo02,PHO,5090040,6041520,7059480,8930242,,,1st Round Pick,11131560,2017,9909,5188152
200,Marcus Morris,morrima03,BOS,5000000,5375000,,,,,Bird Rights,10375000,2014,6306,6357203
201,Dirk Nowitzki,nowitdi01,DAL,5000000,5000000,,,,,Cap space,5000000,2017,9909,5096377
202,Greg Monroe,monrogr01,BOS,5000000,,,,,,Disabled Player Exception,5000000,2015,7000,6185087
203,Mike Muscala,muscami01,ATL,5000000,5000000,,,,,Cap space,5000000,2017,9909,5096377
204,Jahlil Okafor,okafoja01,BRK,4995120,,,,,,1st round pick,4995120,2016,9414,4962143
205,Dante Exum,exumda01,UTA,4992385,,,,,,1st Round Pick,4992385,2014,6306,6347521
206,Alexis Ajinca,ajincal01,NOP,4961798,5285394,,,,,Early Bird Rights,10247192,2015,7000,6137830
207,Jaylen Brown,brownja02,BOS,4956480,5169960,6534829,,,,1st Rd pick,10126440,2016,9414,4923758
208,Jameer Nelson,nelsoja01,DEN,4736050,,,,,,,4736050,2017,9909,4827339
209,Kyle Singler,singlky01,OKC,4666500,4996000,5333500,,,,Bird Rights,9662500,2015,7000,5772541
210,Justin Holiday,holidju01,CHI,4615385,4384616,,,,,MLE,9000001,2017,9909,4704348
211,De'Aaron Fox,foxde01,SAC,4609200,5407920,6392760,8099627,,,1st Round Pick,10017120,2017,9909,4698044
212,Marcus Smart,smartma01,BOS,4538020,,,,,,1st Round Pick,4538020,2014,6306,5769823
213,Kristaps Porzingis,porzikr01,NYK,4503600,5697054,,,,,1st round pick,10200654,2015,7000,5571031
214,Dragan Bender,bendedr01,PHO,4468800,4661280,5896519,,,,1st Round pick,9130080,2016,9414,4439298
215,Devin Harris,harride01,DEN,4402546,,,,,,Cap Space,4402546,2014,6306,5597576
216,Ron Baker,bakerro01,NYK,4328000,4544400,,,,,Room Exception,4328000,2017,9909,4411423
217,Jamal Crawford,crawfja01,MIN,4328000,4544400,,,,,Room Exception,4328000,2017,9909,4411423
218,Aron Baynes,baynear01,BOS,4328000,,,,,,Room Exception,4328000,2017,9909,4411423
219,Alex Len,lenal01,PHO,4187599,,,,,,1st Round Pick,4187599,2017,9909,4268316
220,Nerlens Noel,noelne01,DAL,4187599,,,,,,1st Round Pick,4187599,2017,9909,4268316
221,Jonathan Isaac,isaacjo01,ORL,4186320,4969080,5806440,7362566,,,1st Round Pick,9155400,2017,9909,4267013
222,Lance Stephenson,stephla01,IND,4180000,4360000,,,,,Cap space,4180000,2017,9909,4260571
223,Julius Randle,randlju01,LAL,4149242,,,,,,1st Round Pick,4149242,2014,6306,5275515
224,Kyle O'Quinn,oquinky01,NYK,4087500,4256250,,,,,Bird Rights,4087500,2015,7000,5056308
225,Mario Hezonja,hezonma01,ORL,4078320,,,,,,1st round pick,4078320,2015,7000,5044952
226,Kris Dunn,dunnkr01,CHI,4046760,4221000,5348007,,,,1st Round pick,8267760,2016,9414,4020044
227,Jonas Jerebko,jerebjo01,UTA,4000000,4200000,,,,,Cap space,4000000,2017,9909,4077101
228,Nemanja Bjelica,bjeline01,MIN,3949999,,,,,,MLE,3949999,2015,7000,4886217
229,J.J. Barea,bareajo01,DAL,3903900,3710850,,,,,Cap Space,7614750,2015,7000,4829192
230,Quincy Pondexter,pondequ01,CHI,3853931,,,,,,,3853931,2013,5867,4876567
231,Lauri Markkanen,markkla01,CHI,3821640,4536120,5300400,6731508,,,1st Round Pick,8357760,2017,9909,3895303
232,Nik Stauskas,stausni01,BRK,3807146,,,,,,1st Round Pick,3807146,2014,6306,4840560
233,Willie Cauley-Stein,caulewi01,SAC,3704160,4696875,,,,,1st round pick,8401035,2015,7000,4582110
234,Buddy Hield,hieldbu01,SAC,3675480,3833760,4861208,,,,1st Round pick,7509240,2016,9414,3651215
235,Will Barton,bartowi01,DEN,3533333,,,,,,Bird Rights,3533333,2015,7000,4370794
236,Noah Vonleh,vonleno01,CHI,3505233,,,,,,1st Round Pick,3505233,2014,6306,4456696
237,Frank Ntilikina,ntilila01,NYK,3501120,4155720,4855800,6176578,,,1st Round Pick,7656840,2017,9909,3568605
238,Nene Hilario,hilarne01,HOU,3477600,3651480,3825360,,,,Non-Bird Rights,10954440,2017,9909,3544632
239,Zaza Pachulia,pachuza01,GSW,3477600,,,,,,,3477600,2017,9909,3544632
240,Troy Daniels,danietr01,PHO,3408520,3258540,,,,,Cap Space,6667060,2016,9414,3386018
241,Emmanuel Mudiay,mudiaem01,NYK,3381480,4294480,,,,,1st round pick,7675960,2015,7000,4182949
242,Jamal Murray,murraja01,DEN,3355320,3499800,4444746,,,,1st Round pick,6855120,2016,9414,3333169
243,Elfrid Payton,paytoel01,PHO,3332340,,,,,,1st Round Pick,3332340,2014,6306,4236873
244,Rajon Rondo,rondora01,NOP,3300000,,,,,,MLE,3300000,2017,9909,3363608
245,Doug McDermott,mcderdo01,DAL,3294994,,,,,,1st Round Pick,3294994,2014,6306,4189389
246,Jodie Meeks,meeksjo01,WAS,3290000,3454500,,,,,Bi-annual Exception,3290000,2017,9909,3353416
247,Tyreke Evans,evansty01,MEM,3290000,,,,,,Bi-annual Exception,3290000,2017,9909,3353416
248,Tarik Black,blackta01,HOU,3290000,,,,,,Bi-annual Exception,3290000,2017,9909,3353416
249,Anthony Tolliver,tollian01,DET,3290000,,,,,,Bi-annual Exception,3290000,2014,6306,4183040
250,Dennis Smith,smithde03,DAL,3218280,3819960,4463640,5686677,,,1st Round Pick,7038240,2017,9909,3280313
251,Zach LaVine,lavinza01,CHI,3202217,,,,,,1st Round Pick,3202217,2014,6306,4071429
252,Ekpe Udoh,udohek01,UTA,3200000,3360000,,,,,Room Exception,3200000,2017,9909,3261681
253,T.J. Warren,warretj01,PHO,3152931,11750000,10810000,11750000,12690000,,1st Round Pick,50152931,2017,9909,3213705
254,Stanley Johnson,johnsst04,DET,3097800,3940402,,,,,1st round pick,7038202,2015,7000,3832032
255,Marquese Chriss,chrisma01,PHO,3073800,3206160,4078236,,,,1st Rd pick,6279960,2016,9414,3053507
256,Zach Collins,colliza01,POR,3057240,3628920,4240200,5406255,,,1st Round Pick,6686160,2017,9909,3116169
257,James Ennis,ennisja01,DET,3028410,,,,,,Room exception,3028410,2016,9414,3008417
258,Seth Curry,curryse01,DAL,3028410,,,,,,Room exception,3028410,2016,9414,3008417
259,Mindaugas Kuzminskas,kuzmimi01,NYK,3025035,,,,,,,3025035,2016,9414,3005064
260,Tomas Satoransky,satorto01,WAS,3000000,3129187,,,,,Cap Space,6129187,2016,9414,2980194
261,Rajon Rondo,rondora01,CHI,3000000,,,,,,,3000000,2017,9909,3057826
262,Lucas Nogueira,noguelu01,TOR,2947305,,,,,,1st Round Pick,2947305,2014,6306,3747323
263,Jusuf Nurkic,nurkiju01,POR,2947305,,,,,,1st Round Pick,2947305,2014,6306,3747323
264,Malik Monk,monkma01,CHO,2904480,3447480,4028400,5345687,,,1st Round Pick,6351960,2017,9909,2960465
265,Frank Kaminsky,kaminfr01,CHO,2847600,3627842,,,,,1st round pick,6475442,2015,7000,3522530
266,Andrew Nicholson,nichoan01,POR,2844429,2844429,2844429,2844429,2844429,,,19911003,2016,9414,2825651
267,Jakob Poeltl,poeltja01,TOR,2825640,2947320,3754886,,,,1st Round pick,5772960,2016,9414,2806986
268,Luke Kennard,kennalu01,DET,2759280,3275280,3827160,5273826,,,1st Round Pick,6034560,2017,9909,2812466
269,Justise Winslow,winslju01,MIA,2705040,3448926,,,,,1st round pick,6153966,2015,7000,3346181
270,Michael Carter-Williams,cartemi01,CHO,2700000,,,,,,Bi-annual Exception,2700000,2017,9909,2752043
271,Thon Maker,makerth01,MIL,2684160,2799720,3569643,,,,1st Round pick,5483880,2016,9414,2666440
272,Cedi Osman,osmande01,CLE,2642857,2775000,2907143,,,,MLE,8325000,2017,9909,2693799
273,Donovan Mitchell,mitchdo01,UTA,2621280,3111480,3635760,5195501,,,1st Round Pick,5732760,2017,9909,2671806
274,Myles Turner,turnemy01,IND,2569920,3410284,,,,,1st round pick,5980204,2015,7000,3179035
275,Gary Harris,harriga01,DEN,2550055,16517857,17839286,19160714,20482143,,1st Round Pick,76550055,2017,9909,2599208
276,Domantas Sabonis,sabondo01,IND,2550000,2659800,3529555,,,,1st Round pick,5209800,2016,9414,2533165
277,Manu Ginobili,ginobma01,SAS,2500000,2500000,,,,,,5000000,2017,9909,2548188
278,Reggie Bullock,bullore01,DET,2500000,2500000,,,,,Cap space,2500000,2017,9909,2548188
279,Richard Jefferson,jefferi01,ATL,2500000,,,,,,,2500000,2016,9414,2483495
280,Malcolm Delaney,delanma01,ATL,2500000,,,,,,Room Exception,2500000,2016,9414,2483495
281,Bam Adebayo,adebaba01,MIA,2490360,2955840,3454080,5115492,,,1st Round Pick,5446200,2017,9909,2538362
282,Bruno Caboclo,cabocbr01,SAC,2451225,,,,,,1st Round Pick,2451225,2014,6306,3116587
283,Ronnie Price,pricero01,OKC,2442455,,,,,,,2442455,2017,9909,2489534
284,Trey Lyles,lylestr01,DEN,2441400,3364249,,,,,1st round pick,5805649,2015,7000,3020054
285,Dario Saric,saricda01,PHI,2422560,2526840,3481986,,,,1st Round pick,4949400,2016,9414,2406567
286,Taurean Waller-Prince,princta02,ATL,2422560,2526840,3481986,,,,1st Round pick,4949400,2016,9414,2406567
287,Rodney Hood,hoodro01,CLE,2386864,,,,,,1st Round Pick,2386864,2014,6306,3034756
288,Justin Jackson,jacksju01,SAC,2365560,2807880,3280920,5029650,,,1st Round Pick,5173440,2017,9909,2411157
289,Shabazz Napier,napiesh01,POR,2361360,,,,,,1st Round Pick,2361360,2014,6306,3002329
290,Clint Capela,capelca01,HOU,2334520,,,,,,1st Round Pick,2334520,2014,6306,2968203
291,Arron Afflalo,afflaar01,ORL,2328652,,,,,,Minimum Salary,2328652,2017,9909,2373537
292,Raymond Felton,feltora01,OKC,2328652,,,,,,Minimum Salary,2328652,2017,9909,2373537
293,Nick Collison,collini01,OKC,2328652,,,,,,Minimum Salary,2328652,2017,9909,2373537
294,Ramon Sessions,sessira01,NYK,2328652,,,,,,,2328652,2017,9909,2373537
295,Jarrett Jack,jackja01,NYK,2328652,,,,,,Minimum Salary,2328652,2017,9909,2373537
296,Jason Terry,terryja01,MIL,2328652,,,,,,Minimum Salary,2328652,2017,9909,2373537
297,Udonis Haslem,hasleud01,MIA,2328652,,,,,,Minimum Salary,2328652,2017,9909,2373537
298,Dwyane Wade,wadedw01,MIA,2328652,,,,,,Minimum Salary,2328652,2017,9909,2373537
299,David West,westda01,GSW,2328652,,,,,,Minimum Salary,2328652,2017,9909,2373537
300,Richard Jefferson,jefferi01,DEN,2328652,,,,,,Minimum Salary,2328652,2016,9414,2313279
301,Jose Calderon,caldejo01,CLE,2328652,,,,,,Minimum Salary,2328652,2017,9909,2373537
302,Andrew Bogut,bogutan01,LAL,2328652,,,,,,,,2017,9909,2373537
303,Devin Booker,bookede01,PHO,2319360,3314365,,,,,1st round pick,5633725,2017,9909,2364066
304,Georgios Papagiannis,papagge01,SAC,2301360,2400480,3430288,,,,,4701840,2016,9414,2286167
305,Dante Cunningham,cunnida01,BRK,2300000,,,,,,MLE,2300000,2017,9909,2344333
306,Jameer Nelson,nelsoja01,DET,2262871,,,,,,,2262871,2017,9909,2306488
307,Justin Patton,pattoju01,MIN,2247480,2667600,3117240,4781846,,,1st Round Pick,4915080,2017,9909,2290801
308,Guerschon Yabusele,yabusgu01,BOS,2247480,2667600,3117240,4781846,,,1st Round Pick,4915080,2017,9909,2290801
309,Monta Ellis,ellismo01,IND,2245400,2245400,2245400,2245400,2245400,,,11227000,2015,7000,2777598
310,Cameron Payne,payneca01,CHI,2203440,3263295,,,,,1st round pick,5466735,2015,7000,2725693
311,Denzel Valentine,valende01,CHI,2186400,2280600,3377569,,,,1st Round pick,4467000,2016,9414,2171966
312,Josh Smith,smithjo03,NOP,2183934,,,,,,,,2017,9909,2226030
313,Kyle Anderson,anderky01,SAS,2151704,,,,,,1st Round Pick,2151704,2014,6306,2735764
314,D.J. Wilson,wilsodj01,MIL,2135040,2534280,2961120,4548280,,,1st Round Pick,4669320,2017,9909,2176193
316,Derrick Rose,rosede01,UTA,2116955,,,,,,,2116955,2017,9909,2157760
317,Marreese Speights,speigma01,ORL,2116955,,,,,,Minimum Salary,2116955,2017,9909,2157760
318,Michael Beasley,beaslmi01,NYK,2116955,,,,,,Minimum Salary,2116955,2017,9909,2157760
319,Aaron Brooks,brookaa01,MIN,2116955,,,,,,,2116955,2017,9909,2157760
320,Luc Mbah a Moute,mbahalu01,HOU,2116955,,,,,,Minimum Salary,2116955,2017,9909,2157760
321,JaVale McGee,mcgeeja01,GSW,2116955,,,,,,,2116955,2017,9909,2157760
322,Jeff Green,greenje02,CLE,2116955,,,,,,Minimum Salary,2116955,2017,9909,2157760
323,Tony Allen,allento01,CHI,2116955,,,,,,,2116955,2017,9909,2157760
324,Damien Wilkins,wilkida02,IND,2116955,,,,,,,25000,2017,9909,2157760
325,Omri Casspi,casspom01,GSW,2106470,,,,,,,2106470,2017,9909,2147073
326,Mario Chalmers,chalmma01,MEM,2106407,,,,,,Minimum Salary,2106407,2017,9909,2147008
327,Darius Miller,milleda01,NOP,2100000,2205000,,,,,MLE,2100000,2017,9909,2140478
328,Kelly Oubre,oubreke01,WAS,2093040,3208630,,,,,1st round pick,5301670,2015,7000,2589126
329,Juan Hernangomez,hernaju01,DEN,2076840,2166360,3321030,,,,1st Round pick,4243200,2016,9414,2063129
330,T.J. Leaf,leaftj01,IND,2028360,2407560,2813280,4326825,,,1st Round Pick,4435920,2017,9909,2067457
331,Tim Frazier,fraziti01,WAS,2000000,,,,,,Room exception,2000000,2016,9414,1986796
332,Anthony Tolliver,tollian01,SAC,2000000,,,,,,,2000000,2014,6306,2542881
333,Terry Rozier,roziete01,BOS,1988520,3050390,,,,,1st round pick,5038910,2015,7000,2459833
334,Luke Babbitt,babbilu01,MIA,1974159,,,,,,Minimum Salary,987080,2017,9909,2012211
335,John Collins,collijo01,ATL,1936920,2299080,2686560,4137302,,,1st Round Pick,4236000,2017,9909,1974254
336,Anderson Varejao,varejan01,POR,1913345,1913345,1913345,1913345,,,,7653380,2016,9414,1900713
337,Rashad Vaughn,vaughra01,NOP,1889040,,,,,,,1889040,2016,9414,1876569
338,Tim Duncan,duncati01,SAS,1881250,1881250,,,,,,3762500,2015,7000,2327139
339,Wade Baldwin,baldwwa01,MEM,1874400,,,,,,,1874400,2016,9414,1862025
340,Larry Sanders,sandela01,MIL,1865547,1865547,1865547,1865547,1865547,,,9327735,2017,9909,1901506
341,Harry Giles,gilesha01,SAC,1859400,2207040,2578800,3976510,,,1st Round Pick,4066440,2017,9909,1895240
342,Sam Dekker,dekkesa01,LAC,1794600,2760095,,,,,1st Round pick,4554695,2015,7000,2219951
343,Terrance Ferguson,fergute01,OKC,1785000,2118840,2475840,3944013,,,1st Round Pick,3903840,2017,9909,1819406
344,Henry Ellenson,ellenhe01,DET,1780800,1857480,2856804,,,,1st Round pick,3638280,2016,9414,1769043
345,Eric Moreland,moreler01,DET,1739333,1826300,1913267,,,,MLE,1739333,2017,9909,1772859
346,Jerian Grant,grantje02,CHI,1713840,2639314,,,,,1st Round pick,4353154,2015,7000,2120049
347,Jarrett Allen,allenja01,BRK,1713720,2034120,2376840,3909902,,,1st Round Pick,3747840,2017,9909,1746752
348,Mike Scott,scottmi01,WAS,1709538,,,,,,Minimum Salary,1709538,2017,9909,1742490
349,Tyler Zeller,zellety01,MIL,1709538,1933941,,,,,,1709538,2017,9909,1742490
350,Quincy Acy,acyqu01,BRK,1709538,,,,,,,,2017,9909,1742490
351,Malik Beasley,beaslma01,DEN,1700640,1773840,2731714,,,,1st Round pick,3474480,2016,9414,1689412
352,Mike Dunleavy,dunlemi02,ATL,1662500,,,,,,,1662500,2017,9909,1694545
353,Delon Wright,wrighde01,TOR,1645200,2536898,,,,,1st Round pick,4182098,2015,7000,2035141
354,OG Anunoby,anunoog01,TOR,1645200,1952760,2281800,3872215,,,1st Round Pick,3597960,2017,9909,1676911
355,Ante Zizic,zizican01,CLE,1645200,1952760,2281800,3872215,,,1st Round Pick,3597960,2017,9909,1676911
356,Caris LeVert,leverca01,BRK,1632480,1702800,2625718,,,,1st Round pick,3335280,2016,9414,1621702
357,Justin Anderson,anderju01,PHI,1579440,2516048,,,,,1st Round pick,4095488,2015,7000,1953794
358,Tyler Lydon,lydonty01,DEN,1579440,1874640,2190720,,,,1st Round Pick,3454080,2017,9909,1609884
359,Jeff Withey,witheje01,DAL,1577320,1795015,,,,,,350000,2017,9909,1607723
360,Ian Clark,clarkia01,NOP,1577230,,,,,,Minimum Salary,1577230,2017,9909,1607631
361,Shabazz Muhammad,muhamsh01,MIN,1577230,1795015,,,,,,1577230,2017,9909,1607631
362,Willie Reed,reedwi02,CHI,1577230,,,,,,,1577230,2017,9909,1607631
363,DeAndre Liggins,liggide01,MIL,1577230,,,,,,,,2017,9909,1607631
364,DeAndre' Bembry,bembrde01,ATL,1567200,1634640,2603982,,,,1st Round pick,3201840,2016,9414,1556853
365,Joffrey Lauvergne,lauvejo01,SAS,1524305,1656092,,,,,,1524305,2017,9909,1553686
366,Jerami Grant,grantje01,OKC,1524305,,,,,,Draft Pick,1524305,2014,6306,1938063
367,Johnny O'Bryant,obryajo01,NYK,1524305,,,,,,,1524305,2017,9909,1553686
368,Tyler Ennis,ennisty01,LAL,1524305,1656092,,,,,Minimum Salary,1524305,2017,9909,1553686
369,Julyan Stone,stoneju01,CHO,1524305,1656092,,,,,Minimum Salary,1524305,2017,9909,1553686
370,Sean Kilpatrick,kilpase01,BRK,1524305,,,,,,,1524305,2016,9414,1514242
371,Joe Harris,harrijo01,BRK,1524305,,,,,,Minimum Salary,1524305,2016,9414,1514242
372,Spencer Dinwiddie,dinwisp01,BRK,1524305,1656092,,,,,Minimum Salary,1524305,2016,9414,1514242
373,Shane Larkin,larkish01,BOS,1524305,,,,,,Minimum Salary,1524305,2017,9909,1553686
374,Glenn Robinson,robingl02,IND,1524305,,,,,,,,2015,7000,1885591
375,Bobby Brown,brownbo02,HOU,1524305,,,,,,,,2017,9909,1553686
376,Bobby Portis,portibo01,CHI,1516320,2494346,,,,,1st Round pick,4010666,2015,7000,1875714
377,Malachi Richardson,richama01,TOR,1504560,1569360,2581597,,,,1st Round pick,3073920,2016,9414,1494627
378,Arron Afflalo,afflaar01,SAC,1500000,,,,,,,1500000,2017,9909,1528913
379,Norman Powell,powelno01,TOR,1471382,9367200,10116576,10865952,11615328,,Cap Space,31821110,2017,9909,1499743
380,Josh Richardson,richajo01,MIA,1471382,9300000,10100000,10800000,11600000,,Minimum Salary,31671382,2017,9909,1499743
381,Rondae Hollis-Jefferson,holliro01,BRK,1471382,2470357,,,,,1st Round pick,3941739,2015,7000,1820125
382,Tyus Jones,jonesty01,MIN,1471382,2444053,,,,,1st Round pick,3915435,2015,7000,1820125
383,Jarell Martin,martija01,MEM,1471382,2416222,,,,,1st Round pick,3887604,2015,7000,1820125
384,Larry Nance,nancela02,CLE,1471382,2272391,,,,,1st Round pick,3743773,2015,7000,1820125
385,Troy Williams,willitr02,HOU,1471382,1544951,1676735,,,,,2085087,2017,9909,1499743
386,Chris McCullough,mcculch01,WAS,1471382,,,,,,1st Round pick,1471382,2015,7000,1820125
387,Raul Neto,netora01,UTA,1471382,,,,,,,1471382,2015,7000,1820125
388,Pat Connaughton,connapa01,POR,1471382,,,,,,Minimum Salary,1471382,2015,7000,1820125
389,Richaun Holmes,holmeri01,PHI,1471382,1600520,,,,,Cap Space,1471382,2015,7000,1820125
390,T.J. McConnell,mccontj01,PHI,1471382,1600520,,,,,Minimum Salary,1471382,2015,7000,1820125
391,Josh Huestis,huestjo01,OKC,1471382,,,,,,,1471382,2015,7000,1820125
392,Jordan Mickey,mickejo01,MIA,1471382,1600520,,,,,Minimum Salary,1471382,2017,9909,1499743
393,Montrezl Harrell,harremo01,LAC,1471382,,,,,,,1471382,2015,7000,1820125
394,Joe Young,youngjo01,IND,1471382,1600520,,,,,Cap Space,1471382,2015,7000,1820125
395,Kevon Looney,looneke01,GSW,1471382,,,,,,1st Round pick,1471382,2015,7000,1820125
396,Nikola Jokic,jokicni01,DEN,1471382,1600520,,,,,,1471382,2015,7000,1820125
397,Salah Mejri,mejrisa01,DAL,1471382,,,,,,Minimum Salary,1471382,2015,7000,1820125
398,Caleb Swanigan,swanica01,POR,1465920,1740000,2033160,3665787,,,1st Round Pick,3205920,2017,9909,1494176
399,Furkan Korkmaz,korkmfu01,PHI,1465920,1740000,2033160,3665787,,,1st Round Pick,3205920,2017,9909,1494176
400,Willy Hernangomez,hernawi01,CHO,1435750,1544951,1701735,,,,Cap Space,2980701,2016,9414,1426271
401,Kyle Kuzma,kuzmaky01,LAL,1423560,1689840,1974600,3562178,,,1st Round Pick,3113400,2017,9909,1450999
402,Tony Bradley,bradlto01,UTA,1414920,1679520,1962360,3542060,,,1st Round Pick,3094440,2017,9909,1442193
403,Derrick White,whitede01,SAS,1404600,1667160,1948080,3516284,,,1st Round Pick,3071760,2017,9909,1431674
404,Josh Hart,hartjo01,LAL,1394520,1655160,1934160,3491159,,,1st Round Pick,3049680,2017,9909,1421399
405,Timothe Luwawu-Cabarrot,luwawti01,PHI,1386600,1544951,2529684,,,,1st Round pick,2931551,2016,9414,1377446
406,Kevin Martin,martike02,MIN,1360305,1360305,,,,,,2720610,2016,9414,1351324
407,Brice Johnson,johnsbr02,MEM,1331160,,,,,,,1331160,2016,9414,1322372
408,Pascal Siakam,siakapa01,TOR,1312611,1544951,2351839,,,,1st Round pick,2857562,2016,9414,1303945
409,Dejounte Murray,murrade01,SAS,1312611,1544951,2321735,,,,1st Round pick,2857562,2016,9414,1303945
410,Skal Labissiere,labissk01,SAC,1312611,1544951,2338847,,,,1st Round pick,2857562,2016,9414,1303945
411,A.J. Hammons,hammoaj01,MIA,1312611,1544951,,,,,,2857562,2016,9414,1303945
412,Deyonta Davis,davisde01,MEM,1312611,1544951,,,,,Cap Space,2857562,2016,9414,1303945
413,Chinanu Onuaku,onuakch01,HOU,1312611,1544951,,,,,Minimum Salary,2857562,2016,9414,1303945
414,Damian Jones,jonesda03,GSW,1312611,1544951,2305057,,,,1st Round pick,2857562,2016,9414,1303945
415,Wayne Selden,seldewa01,MEM,1312611,1544951,,,,,,2085087,2017,9909,1337912
416,Cheick Diallo,diallch01,NOP,1312611,1544951,,,,,Minimum Salary,1812611,2016,9414,1303945
417,Joel Bolomboy,bolomjo01,UTA,1312611,,,,,,,1312611,2017,9909,1337912
418,Davis Bertans,bertada01,SAS,1312611,,,,,,Minimum Salary,1312611,2016,9414,1303945
419,Bryn Forbes,forbebr01,SAS,1312611,,,,,,Minimum Salary,1312611,2016,9414,1303945
420,Jake Layman,laymaja01,POR,1312611,1544951,,,,,Cap Space,1312611,2016,9414,1303945
421,Tyler Ulis,ulisty01,PHO,1312611,1544951,1676735,,,,Cap Space,1312611,2016,9414,1303945
422,Marcus Georges-Hunt,georgma01,MIN,1312611,,,,,,Minimum Salary,1312611,2017,9909,1337912
423,Malcolm Brogdon,brogdma01,MIL,1312611,1544951,,,,,Cap Space,1312611,2016,9414,1303945
424,Rodney McGruder,mcgruro01,MIA,1312611,1544951,,,,,Minimum Salary,1312611,2016,9414,1303945
425,Andrew Harrison,harrian01,MEM,1312611,1544951,,,,,Cap Space,1312611,2016,9414,1303945
426,Ivica Zubac,zubaciv01,LAL,1312611,1544951,,,,,Cap Space,1312611,2016,9414,1303945
427,Patrick McCaw,mccawpa01,GSW,1312611,,,,,,Minimum Salary,1312611,2016,9414,1303945
428,Dorian Finney-Smith,finnedo01,DAL,1312611,1544951,,,,,Minimum Salary,1312611,2016,9414,1303945
429,Yogi Ferrell,ferreyo01,DAL,1312611,,,,,,Minimum Salary,1312611,2017,9909,1337912
430,Treveon Graham,grahatr01,CHO,1312611,,,,,,Minimum Salary,1312611,2016,9414,1303945
431,David Nwaba,nwabada01,CHI,1312611,,,,,,Minimum Salary,1312611,2017,9909,1337912
432,Paul Zipser,zipsepa01,CHI,1312611,1544951,1676735,,,,Cap Space,1312611,2016,9414,1303945
433,Isaiah Whitehead,whiteis01,BRK,1312611,1544951,1676735,,,,Cap Space,1312611,2016,9414,1303945
434,Sheldon Mac,mcclesh01,ATL,1312611,,,,,,,1312611,2016,9414,1303945
435,Okaro White,whiteok01,ATL,1312611,,,,,,,1312611,2017,9909,1337912
436,Nicolas Brussino,brussni01,ATL,1312611,,,,,,,1312611,2016,9414,1303945
437,Diamond Stone,stonedi01,ATL,1312611,,,,,,,1312611,2017,9909,1337912
438,Isaiah Taylor,taylois01,ATL,1312611,1544951,,,,,Minimum Salary,1312611,2017,9909,1337912
439,Kay Felder,feldeka01,CHI,1312611,1544951,,,,,,456529,2017,9909,1337912
440,Fred VanVleet,vanvlfr01,TOR,1312611,,,,,,,,2016,9414,1303945
441,Derrick Jones,jonesde02,PHO,1312611,,,,,,,,2017,9909,1337912
442,Chasson Randle,randlch01,NYK,1312611,,,,,,,,2017,9909,1337912
443,Stephen Zimmerman,zimmest01,LAL,1312611,,,,,,,,2017,9909,1337912
444,Semi Ojeleye,ojelese01,BOS,1291892,1378242,1618520,1752950,,,,2193857,2017,9909,1316793
445,Frank Mason,masonfr01,SAC,1184385,1378242,1618520,,,,,2562627,2017,9909,1207214
446,Abdel Nader,naderab01,BOS,1167333,1378242,1618520,1752950,,,,1617333,2017,9909,1189833
447,Damyean Dotson,dotsoda01,NYK,1100000,1378242,1618520,,,,Minimum Salary,2478242,2017,9909,1121202
448,Paul Pierce,piercpa01,LAC,1096080,,,,,,,1096080,2017,9909,1117207
449,Isaiah Canaan,canaais01,PHO,1069308,,,,,,,1069308,2017,9909,1089919
450,Wesley Iwundu,iwundwe01,ORL,1050000,1378242,1618520,,,,,2428242,2017,9909,1070239
451,Livio Jean-Charles,jeancli01,SAS,1035200,,,,,,,1035200,2016,9414,1028365
452,Justin Hamilton,hamilju01,TOR,1000000,1000000,1000000,,,,,3000000,2016,9414,993398
453,Gerald Henderson,hendege02,PHI,1000000,,,,,,,1000000,2017,9909,1019275
454,Rade Zagorac,zagorra01,MEM,950000,1378242,,,,,,2328242,2017,9909,968311
455,Ivan Rabb,rabbiv01,MEM,950000,1378242,1618520,,,,MLE,2328242,2017,9909,968311
456,Ike Anigbogu,anigbik01,IND,950000,1378242,1618520,,,,Cap space,1640000,2017,9909,968311
457,Gerald Green,greenge01,HOU,947248,,,,,,Minimum Salary,947248,2015,7000,1171762
458,Jason Thompson,thompja02,GSW,945126,945126,,,,,,1890252,2016,9414,938886
459,Martell Webster,webstma02,WAS,830000,830000,,,,,,1660000,2017,9909,845998
460,Frank Jackson,jacksfr01,NOP,815615,1378242,1618520,,,,MLE,2699857,2017,9909,831336
461,Jordan Bell,belljo01,GSW,815615,1378252,,,,,Minimum Salary,2193867,2017,9909,831336
462,Dakari Johnson,johnsda04,OKC,815615,1378242,,,,,,2193857,2017,9909,831336
463,Sterling Brown,brownst02,MIL,815615,1378242,1618520,,,,MLE,2193857,2017,9909,831336
464,Dillon Brooks,brookdi01,MEM,815615,1378242,1618520,,,,MLE,2193857,2017,9909,831336
465,Sindarius Thornwell,thornsi01,LAC,815615,1378242,1618520,,,,MLE,2193857,2017,9909,831336
466,Jawun Evans,evansja01,LAC,815615,1378242,1618520,,,,MLE,2193857,2017,9909,831336
467,Dwayne Bacon,bacondw01,CHO,815615,1378242,1618520,,,,MLE,2193857,2017,9909,831336
468,Tyler Dorsey,dorsety01,ATL,815615,1378242,,,,,Minimum Salary,2193857,2017,9909,831336
469,Davon Reed,reedda01,PHO,815615,1378242,1618520,,,,Minimum Salary,1504736,2017,9909,831336
470,Royce O'Neale,onealro01,UTA,815615,1378242,1618520,,,,Cap space,815615,2017,9909,831336
471,Alfonzo McKinnie,mckinal01,TOR,815615,1378242,,,,,Minimum Salary,815615,2017,9909,831336
472,Brandon Paul,paulbr01,SAS,815615,1378242,,,,,Minimum Salary,815615,2017,9909,831336
473,Khem Birch,birchkh01,ORL,815615,1378242,,,,,Minimum Salary,815615,2017,9909,831336
474,Thomas Bryant,bryanth01,LAL,815615,1378242,,,,,Minimum Salary,815615,2017,9909,831336
475,Zhou Qi,qizh01,HOU,815615,1378242,1618520,1752950,,,MLE,815615,2017,9909,831336
476,Maxi Kleber,klebima01,DAL,815615,1378242,,,,,Minimum Salary,815615,2017,9909,831336
477,Daniel Theis,theisda01,BOS,815615,1378242,,,,,Minimum Salary,815615,2017,9909,831336
478,Sean Kilpatrick,kilpase01,MIL,789725,,,,,,,789725,2017,9909,804947
479,Trey Burke,burketr01,NYK,784160,1795015,,,,,Minimum Salary,784160,2017,9909,799275
480,Alex Poythress,poythal01,IND,778668,1544951,,,,,Two-Way Converted,778668,2017,9909,793677
481,Marco Belinelli,belinma01,PHI,776217,,,,,,,,2017,9909,791178
482,Joe Johnson,johnsjo02,HOU,749905,,,,,,,,2017,9909,764359
483,Dwight Buycks,buyckdw01,DET,748160,1600520,,,,,Two-Way Converted,748160,2017,9909,762581
484,Tyler Cavanaugh,cavanty01,ATL,679919,1378242,,,,,Two-Way Converted,729919,2017,9909,693024
485,Carlos Delfino,delfica01,LAC,650000,650000,,,,,,1300000,2017,9909,662529
486,Caron Butler,butleca01,SAC,517220,517220,,,,,,1034440,2015,7000,639810
487,Jordan Farmar,farmajo01,LAC,510921,,,,,,,510921,2016,9414,507548
488,Ersan Ilyasova,ilyaser01,PHI,502328,,,,,,,,2017,9909,512010
489,Leandro Barbosa,barbole01,PHO,500000,,,,,,,500000,2015,7000,618508
490,Tibor Pleiss,pleisti01,PHI,500000,,,,,,,500000,2015,7000,618508
491,Michael Gbinije,gbinimi01,DET,500000,,,,,,,500000,2017,9909,509637
492,Aaron Gray,grayaa01,DET,452059,,,,,,,452059,2014,6306,574766
493,Festus Ezeli,ezelife01,POR,333334,333333,333333,,,,,1000000,2016,9414,331133
494,C.J. Watson,watsocj01,ORL,333334,333333,333333,,,,,1000000,2015,7000,412339
495,Gal Mekel,mekelga01,DAL,315760,,,,,,,315760,2014,6306,401470
496,Miroslav Raduljica,radulmi01,LAC,300000,300000,,,,,,600000,2015,7000,371105
497,Cameron Oliver,oliveca01,HOU,300000,,,,,,,300000,2017,9909,305782
498,Ramon Sessions,sessira01,WAS,263124,,,,,,,,2017,9909,268195
499,Jordan Crawford,crawfjo02,NOP,250000,,,,,,,250000,2017,9909,254818
500,Emeka Okafor,okafoem01,NOP,239204,,,,,,,239204,2017,9909,243814
501,Brandon Jennings,jennibr01,MIL,238020,,,,,,,,2017,9909,242607
502,Wade Baldwin,baldwwa01,POR,222476,,,,,,,,2017,9909,226764
503,Isaiah Canaan,canaais01,CHI,200000,,,,,,,200000,2017,9909,203855
504,Rakeem Christmas,chrisra01,IND,172552,,,,,,,172552,2015,7000,213449
505,DeAndre Liggins,liggide01,NOP,172238,,,,,,,172238,2017,9909,175557
506,Sean Kilpatrick,kilpase01,LAC,172238,,,,,,,,2017,9909,175557
507,Rashad Vaughn,vaughra01,ORL,166258,,,,,,,,2017,9909,169462
508,David Stockton,stockda01,UTA,148318,,,,,,,,2017,9909,151176
509,Troy Williams,willitr02,NYK,148318,,,,,,,,2017,9909,151176
510,Larry Drew,drewla02,NOP,148318,,,,,,,,2014,6306,188577
511,Travis Wear,weartr01,LAL,148318,,,,,,,,2017,9909,151176
512,Carrick Felix,felixca01,WAS,140902,,,,,,,140902,2017,9909,143617
513,Brandon Rush,rushbr01,POR,119602,,,,,,,,2017,9909,121907
514,Jeremy Evans,evansje01,ATL,104059,,,,,,,50000,2017,9909,106064
515,Derrick Williams,willide02,LAL,104059,,,,,,,,2017,9909,106064
516,K.J. McDaniels,mcdankj01,TOR,100000,,,,,,,100000,2017,9909,101927
517,Marshall Plumlee,plumlma02,NYK,100000,,,,,,,100000,2017,9909,101927
518,Georges Niang,niangge01,IND,100000,,,,,,,100000,2017,9909,101927
519,Quinn Cook,cookqu01,ATL,100000,,,,,,,100000,2017,9909,101927
520,Demetrius Jackson,jacksde01,BOS,92858,92857,92857,92857,92857,,,650000,2017,9909,94647
521,Kyle Collinsworth,colliky01,DAL,92160,,,,,,,142160,2017,9909,93936
522,Josh Gray,grayjo01,PHO,92160,,,,,,,92160,2017,9909,93936
523,Naz Mitrou-Long,mitrona01,UTA,92160,,,,,,,50000,2017,9909,93936
524,Nigel Hayes,hayesni01,TOR,92160,,,,,,,,2017,9909,93936
525,Shaquille Harrison,harrish01,PHO,92160,,,,,,,,2017,9909,93936
526,Rodney Purvis,purviro01,ORL,92160,,,,,,,,2017,9909,93936
527,Walt Lemon Jr.,lemonwa01,NOP,92160,,,,,,,,2017,9909,93936
528,Antonius Cleveland,clevean01,ATL,92160,,,,,,,,2017,9909,93936
529,Damion Lee,leeda03,ATL,92160,,,,,,,,2017,9909,93936
530,Jaylen Morris,morrija01,ATL,92160,,,,,,,,2017,9909,93936
531,Mike James,jamesmi02,PHO,87552,,,,,,,87552,2017,9909,89239
532,MarShon Brooks,brookma01,MEM,86119,,,,,,,,2017,9909,87778
533,Jarell Eddie,eddieja01,BOS,83129,,,,,,,83129,2017,9909,84731
534,Jarell Eddie,eddieja01,CHI,83129,,,,,,,17224,2017,9909,84731
535,Briante Weber,weberbr01,MEM,83129,,,,,,,,2017,9909,84731
536,Marquis Teague,teaguma01,MEM,83129,,,,,,,,2017,9909,84731
537,Aaron Harrison,harriaa01,DAL,83129,,,,,,,,2017,9909,84731
538,Demetrius Jackson,jacksde01,HOU,74159,,,,,,,124159,2017,9909,75588
539,Georgios Papagiannis,papagge01,POR,74159,,,,,,,,2017,9909,75588
540,Scotty Hopson,hopsosc01,DAL,74159,,,,,,,,2017,9909,75588
541,Okaro White,whiteok01,CLE,74159,,,,,,,,2017,9909,75588
542,Xavier Silas,silasxa01,BOS,74159,,,,,,,,2017,9909,75588
543,Isaiah Canaan,canaais01,HOU,53465,,,,,,,53465,2017,9909,54495
544,Tyler Cavanaugh,cavanty01,ATL,50000,,,,,,,729919,2017,9909,50963
545,Kyle Collinsworth,colliky01,DAL,50000,,,,,,,142160,2017,9909,50963
546,Demetrius Jackson,jacksde01,HOU,50000,,,,,,,124159,2017,9909,50963
547,Daniel Ochefu,ochefda01,WAS,50000,,,,,,,50000,2017,9909,50963
548,Michael Young,youngmi02,WAS,50000,,,,,,,50000,2017,9909,50963
549,Eric Griffin,griffer01,UTA,50000,,,,,,,50000,2017,9909,50963
550,Nate Wolters,woltena01,UTA,50000,,,,,,,50000,2017,9909,50963
551,Naz Mitrou-Long,mitrona01,UTA,50000,,,,,,,50000,2017,9909,50963
552,James Michael McAdoo,mcadoja01,PHI,50000,,,,,,,50000,2017,9909,50963
553,Jacob Pullen,pulleja01,PHI,50000,,,,,,,50000,2017,9909,50963
554,Nigel Hayes,hayesni01,NYK,50000,,,,,,,50000,2017,9909,50963
555,Jalen Moore,mooreja02,MIL,50000,,,,,,,50000,2017,9909,50963
556,Gary Payton,paytoga02,MIL,50000,,,,,,,50000,2017,9909,50963
557,Matt Williams,willima05,MIA,50000,,,,,,,50000,2017,9909,50963
558,Vince Hunter,huntevi01,MEM,50000,,,,,,,50000,2017,9909,50963
559,Briante Weber,weberbr01,LAL,50000,,,,,,,50000,2017,9909,50963
560,Vander Blue,blueva01,LAL,50000,,,,,,,50000,2017,9909,50963
561,V.J. Beachem,beachvj01,LAL,50000,,,,,,,50000,2017,9909,50963
562,Jamil Wilson,wilsoja02,LAC,50000,,,,,,,50000,2017,9909,50963
563,Briante Weber,weberbr01,HOU,50000,,,,,,,50000,2017,9909,50963
564,Luis Montero,montelu01,DET,50000,,,,,,,50000,2017,9909,50963
565,Antonius Cleveland,clevean01,DAL,50000,,,,,,,50000,2017,9909,50963
566,Gian Clavell,clavegi01,DAL,50000,,,,,,,50000,2017,9909,50963
567,Diamond Stone,stonedi01,CHI,50000,,,,,,,50000,2017,9909,50963
568,Yakuba Ouattara,ouattya01,BRK,50000,,,,,,,50000,2017,9909,50963
569,Jeremy Evans,evansje01,ATL,50000,,,,,,,50000,2017,9909,50963
570,Nigel Hayes,hayesni01,LAL,46080,,,,,,,46080,2017,9909,46968
571,Xavier Rathan-Mayes,rathaxa01,MEM,46080,,,,,,,,2017,9909,46968
572,Trey McKinney-Jones,mckintr01,IND,46080,,,,,,,,2017,9909,46968
573,Le'Bryan Nash,nashle01,HOU,46080,,,,,,,,2017,9909,46968
574,Jameel Warney,warneja01,DAL,46080,,,,,,,,2017,9909,46968
575,Marcus Thornton,thornma02,CLE,46080,,,,,,,,2015,7000,57001
576,DeAndre Liggins,liggide01,ATL,26773,,,,,,,26773,2017,9909,27289
577,Axel Toupane,toupaax01,NOP,25000,,,,,,,25000,2017,9909,25481
578,Quinn Cook,cookqu01,NOP,25000,,,,,,,25000,2017,9909,25481
579,Chris Johnson,johnsch04,HOU,25000,,,,,,,25000,2013,5867,31633
580,Beno Udrih,udrihbe01,DET,25000,,,,,,,25000,2016,9414,24834
581,Joel Bolomboy,bolomjo01,MIL,22248,,,,,,,22248,2017,9909,22676
582,Jarell Eddie,eddieja01,CHI,17224,,,,,,,17224,2017,9909,17555
